source,target,relclas
蔡金吉,林长华,普通伙伴
蔡金吉,谢佛添,普通伙伴
蔡金吉,李天来,普通伙伴
蔡开云,蔡金吉,三代以内直系血亲及夫妻
陈金钟,蔡金吉,普通亲戚
蔡金吉,蔡润贤,三代以内直系血亲及夫妻
曹亚志,梁亚胜,普通伙伴
莱佛士,曹亚志,普通伙伴
曹家馆当事人,曹亚志,轻度社交
陈成宝,陈景华,三代以内直系血亲及夫妻
陈成宝,李清池,密切伙伴
陈成宝,陈旭年,密切伙伴
陈成宝,章芳琳,密切伙伴
陈亚汉,陈成宝,三代以内直系血亲及夫妻
佘有进,陈成宝,普通亲戚
陈成宝,陈纯道,密切伙伴
陈成宝,蔡春茂,密切伙伴
陈成宝,陈景瑞,三代以内直系血亲及夫妻
陈成宝,张乞,密切伙伴
陈成宝,郭爱文,普通伙伴
陈成宝,胡亚基,普通伙伴
陈成宝,陈金钟,普通伙伴
陈成宝,蔡茂春,普通伙伴
陈楚楠,沈联芳,密切伙伴
陈楚楠,张永福,密切伙伴
陈泰,陈楚楠,三代以内直系血亲及夫妻
陈楚楠,陈连水,三代以内直系血亲及夫妻
陈楚楠,陈成章,三代以内直系血亲及夫妻
陈楚楠,陈连南,三代以内直系血亲及夫妻
陈楚楠,康有为,普通伙伴
陈楚楠,梁启超,普通伙伴
孙中山,陈楚楠,普通伙伴
陈楚楠,吴世荣,密切伙伴
陈楚楠,张永福,密切伙伴
陈楚楠,林义顺,密切伙伴
陈楚楠,留鸿石,普通伙伴
陈楚楠,叶敦仁,普通伙伴
陈楚楠,谢有祥,普通伙伴
陈楚楠,洪福彰,普通伙伴
陈楚楠,黄乃裳,密切伙伴
陈嘉庚,陈赐曲,普通亲戚
陈笃生,王邦杰,密切伙伴
王锦威,陈笃生,普通伙伴
陈笃生,庄庆利,普通伙伴
陈笃生,许山兴,密切伙伴
陈笃生,李清池,普通亲戚
陈笃生,陈金钟,三代以内直系血亲及夫妻
陈笃生,陈霞娘,三代以内直系血亲及夫妻
陈笃生,李清渊,普通伙伴
陈笃生,杨佛生,普通伙伴
陈有郎,陈笃生,三代以内直系血亲及夫妻
陈笃生,陈纯道,三代以内直系血亲及夫妻
陈笃生,陈明水,普通伙伴
陈笃生,陈金声,密切伙伴
陈笃生,陈武烈,普通亲戚
陈笃生,陈季騧,普通亲戚
陈笃生,陈季随,普通亲戚
陈笃生,陈瑞林,三代以内直系血亲及夫妻
陈笃生,陈德源,三代以内直系血亲及夫妻
陈笃生,陈维贤,三代以内直系血亲及夫妻
陈笃生,佘有进,普通伙伴
陈笃生,张炎,普通伙伴
陈笃生,林生财,普通伙伴
陈笃生,胡亚基,普通伙伴
陈笃生,黄木生,普通伙伴
陈笃生,黄秉盛,普通伙伴
陈笃生,陈六娘,普通亲戚
陈笃生,陈宝莉,普通亲戚
萧保龄,陈笃生,普通亲戚
陈笃生,符气浩,普通伙伴
谢佛珊,陈笃生,普通亲戚
陈笃生,陈丰明,普通亲戚
詹振成,陈笃生,普通伙伴
颜永成,陈笃生,普通伙伴
陈恭锡,李庆庸,轻度社交
陈恭锡,章芳琳,轻度社交
陈恭锡,佘连城,轻度社交
陈恭锡,佘石城,轻度社交
陈恭锡,李浚源,普通亲戚
陈恭锡,陈德娘,三代以内直系血亲及夫妻
陈俊睦,陈恭锡,普通亲戚
陈俊善,陈恭锡,三代以内直系血亲及夫妻
陈恭锡,陈恭三,三代以内直系血亲及夫妻
陈恭锡,陈恭敬,普通亲戚
林光瑗,陈恭锡,普通伙伴
林长水,陈恭锡,普通伙伴
陈恭锡,林永庆,普通伙伴
陈恭锡,陈明水,普通伙伴
陈恭锡,李清渊,普通亲戚
陈恭锡,黄文德,普通伙伴
陈恭锡,陈明岩,普通伙伴
陈恭锡,许山治,普通伙伴
陈恭锡,黄金炎,普通伙伴
陈恭锡,邱正忠,普通伙伴
陈嘉庚,王源兴,密切伙伴
陈嘉庚,王锦良,普通伙伴
陈嘉庚,叶清沙,普通伙伴
陈嘉庚,史联对,普通伙伴
陈嘉庚,庄希泉,普通伙伴
刘牡丹,陈嘉庚,密切伙伴
陈嘉庚,池传楹,普通伙伴
陈嘉庚,李大傻,普通伙伴
陈嘉庚,李光前,普通亲戚
陈嘉庚,陈爱礼,三代以内直系血亲及夫妻
杨骚,陈嘉庚,密切伙伴
杨缵文,陈嘉庚,密切伙伴
吴瑞甫,陈嘉庚,普通伙伴
陈嘉庚,陈六使,普通伙伴
陈杞柏,陈嘉庚,三代以内直系血亲及夫妻
陈嘉庚,陈敬贤,三代以内直系血亲及夫妻
陈延谦,陈嘉庚,普通伙伴
陈岳书,陈嘉庚,普通伙伴
陈嘉庚,陈金钟,普通伙伴
陈武烈,陈嘉庚,普通伙伴
陈嘉庚,陈育崧,普通伙伴
陈烈三,陈嘉庚,普通伙伴
陈梦桃,陈嘉庚,普通伙伴
陈嘉庚,陈赐曲,普通亲戚
陈嘉庚,陈敬贤,三代以内直系血亲及夫妻
陈嘉庚,陈共存,普通亲戚
陈瑞麟,陈嘉庚,普通伙伴
陈嘉庚,孙中山,普通伙伴
陈嘉庚,张永福,普通伙伴
陈嘉庚,林义顺,密切伙伴
陈嘉庚,林文庆,普通伙伴
陈嘉庚,林忠国,普通亲戚
林惠祥,陈嘉庚,密切伙伴
洪丝丝,陈嘉庚,普通伙伴
陈嘉庚,胡少炎,普通伙伴
陈嘉庚,胡愈之,普通伙伴
陈嘉庚,侯西反,普通伙伴
高云览,陈嘉庚,普通伙伴
陈嘉庚,涂开舆,普通伙伴
徐统雄,陈嘉庚,普通伙伴
符和谦,陈嘉庚,普通伙伴
陈嘉庚,蒋骥甫,密切伙伴
陈嘉庚,赖琼瑶,普通伙伴
陈嘉庚,蔡志民,普通伙伴
薛永黍,陈嘉庚,普通伙伴
陈金声,杨如陵,普通伙伴
陈金声,佘有进,普通伙伴
陈金声,林景烈,普通伙伴
陈金声,陈玉合,三代以内直系血亲及夫妻
陈金声,陈明水,三代以内直系血亲及夫妻
陈金声,杨鸿泰,普通亲戚
陈金声,陈明岩,三代以内直系血亲及夫妻
陈金声,陈若铨,三代以内直系血亲及夫妻
陈国朝,陈金声,密切伙伴
陈金声,陈若锦,三代以内直系血亲及夫妻
陈金声,陈思敏,普通亲戚
陈金声,陈振盛,普通伙伴
陈金声,洪俊成,普通伙伴
陈金声,洪捷发,普通伙伴
陈金声,曾举荐,普通伙伴
陈金声,章三潮,普通伙伴
陈金声,沈阿溪,轻度社交
陈金声,徐长怀,普通伙伴
陈金声,杨佛生,普通伙伴
陈金声,黄宗山,普通伙伴
陈金声,黄祥达,轻度社交
陈金钟,王九河,普通伙伴
陈金钟,郑玉瓞,普通伙伴
陈金钟,陈明远,普通伙伴
陈金钟,陈庆照,普通伙伴
陈金钟,陈纯道,三代以内直系血亲及夫妻
陈金钟,阮文发,普通亲戚
陈金钟,陈武烈,三代以内直系血亲及夫妻
陈金钟,李清池,普通亲戚
陈金钟,陈霞娘,三代以内直系血亲及夫妻
陈金钟,陈瑞林,普通亲戚
陈金钟,泰王,轻度社交
陈金钟,陈季騧,三代以内直系血亲及夫妻
陈金钟,陈季随,三代以内直系血亲及夫妻
陈金钟,陈德道,三代以内直系血亲及夫妻
陈金钟,陈季良,三代以内直系血亲及夫妻
陈金钟,陈季骗,三代以内直系血亲及夫妻
陈金钟,陈静雅,三代以内直系血亲及夫妻
陈金钟,龚菽惠,普通亲戚
陈金钟,蔡开云,普通亲戚
陈金钟,蔡茂春,普通伙伴
陈金钟,胡亚基,普通伙伴
陈金钟,陈成宝,普通伙伴
陈金钟,蔡润贤,三代以内直系血亲及夫妻
陈金钟,蔡绵溪,普通伙伴
陈文确,陈六使,三代以内直系血亲及夫妻
柯进来,陈六使,密切伙伴
陈明水,王九河,普通伙伴
陈明水,林永庆,普通伙伴
陈明水,谢源英,普通伙伴
陈明水,陈纯道,普通伙伴
陈明水,陈玉合,三代以内直系血亲及夫妻
陈明水,杨鸿泰,普通亲戚
陈明水,陈若锦,三代以内直系血亲及夫妻
陈明水,陈明岩,三代以内直系血亲及夫妻
陈明水,陈俊睦,密切伙伴
陈齐贤,李庆烈,普通伙伴
陈齐贤,李攀福,普通伙伴
陈齐贤,陈仙精,普通伙伴
陈齐贤,殷雪村,普通伙伴
陈齐贤,陈若锦,普通伙伴
陈齐贤,廖正兴,普通伙伴
陈德源,陈齐贤,三代以内直系血亲及夫妻
陈齐贤,林文庆,密切伙伴
陈齐贤,李浚源,密切伙伴
陈齐贤,邱雁宾,密切伙伴
陈齐贤,陈若锦,密切伙伴
陈齐贤,曾江水,密切伙伴
陈齐贤,陈温祥,三代以内直系血亲及夫妻
陈齐贤,陈维贤,三代以内直系血亲及夫妻
陈齐贤,陈达贤,三代以内直系血亲及夫妻
陈人浩,李光前,轻度社交
陈若锦,刘隆镇,普通伙伴
陈若锦,邱雁宾,普通伙伴
陈若锦,佘连城,普通伙伴
陈若锦,张善庆,普通伙伴
刘溪士,陈若锦,轻度社交
陈若锦,许山兴,普通伙伴
陈若锦,佘连城,普通伙伴
陈若锦,李浚源,普通伙伴
陈若锦,林义顺,普通伙伴
陈若锦,杨本盛,普通亲戚
陈玉合,陈若锦,普通亲戚
陈若锦,陈永锡,普通伙伴
陈正端,陈若锦,普通伙伴
陈若锦,陈仙精,普通伙伴
陈若锦,陆佑,普通伙伴
陈若锦,黄亚福,普通伙伴
陈若锦,林秉祥,普通伙伴
陈若锦,殷雪村,密切伙伴
陈若锦,廖正兴,密切伙伴
陈若锦,林文庆,密切伙伴
陈若锦,曾江水,密切伙伴
陈若锦,颜永成,轻度社交
陈若锦,陈合盛,轻度社交
陈若锦,陈思敏,三代以内直系血亲及夫妻
陈若锦,陈恭三,普通伙伴
陈若锦,张贵添,普通伙伴
陈若锦,林永庆,轻度社交
陈若锦,陈明远,普通伙伴
陈若锦,李清渊,普通伙伴
林光瑗,陈若锦,普通亲戚
陈若锦,罗窗绮,普通亲戚
洪锦池,陈若锦,普通亲戚
陈若锦,林德为,普通亲戚
陈若锦,徐桂梦,普通伙伴
陈若锦,罗丰禄,普通亲戚
陈若锦,蔡仰泰,普通伙伴
陈若锦,庄庆利,普通伙伴
陈诗武,宾威廉,轻度社交
库克姑娘,陈诗武,普通伙伴
陈诗武,基斯柏里,密切伙伴
陈诗武,格兰特,密切伙伴
陈诗武,陈德顺,三代以内直系血亲及夫妻
陈诗武,陈有为,三代以内直系血亲及夫妻
陈诗武,陈有余,三代以内直系血亲及夫妻
陈玉英,陈诗武,普通亲戚
陈诗武,李绍茂,普通亲戚
陈思敏,宋振荣,普通伙伴
陈思敏,宋旺相,普通伙伴
陈思敏,赵恭喜,普通伙伴
杨本盛,陈思敏,普通亲戚
陈思敏,陈丙荣,普通伙伴
陈思敏,陈秋金,普通伙伴
陈思敏,罗窗绮,三代以内直系血亲及夫妻
罗丰禄,陈思敏,普通亲戚
陈思敏,郑文德,普通伙伴
陈思敏,林文庆,普通伙伴
陈思敏,邱雁宾,普通伙伴
陈思敏,陈谦福,普通伙伴
陈送,李荣元,普通亲戚
陈送,陈浩盛,普通伙伴
陈泰,张友,密切伙伴
陈泰,黄文元,密切伙伴
陈泰,陈祀柏,普通伙伴
陈泰,陈连水,三代以内直系血亲及夫妻
陈泰,陈成章,三代以内直系血亲及夫妻
陈泰,陈连南,三代以内直系血亲及夫妻
陈泰,林义顺,普通伙伴
陈维龙,吴寿珍,轻度社交
陈维龙,李光前,普通伙伴
陈维龙,吴应隆,普通伙伴
阮文发,陈武烈,三代以内直系血亲及夫妻
宋旺裕,陈武烈,轻度社交
陈武烈,林文庆,普通伙伴
陈武烈,陈周锦,普通伙伴
陈武烈,陈合隆,普通伙伴
陈武烈,吴寿珍,普通伙伴
陈武烈,李清渊,普通伙伴
陈武烈,陈合盛,普通伙伴
陈武烈,李碧云,普通伙伴
陈武烈,佘应瑾,普通伙伴
陈武烈,陈佛元,普通伙伴
陈武烈,陈若锦,普通伙伴
陈武烈,陈佛元,普通伙伴
陈纯道,陈武烈,三代以内直系血亲及夫妻
陈武烈,陈昭彬,三代以内直系血亲及夫妻
陈武烈,陈季良,三代以内直系血亲及夫妻
陈武烈,陈季随,三代以内直系血亲及夫妻
陈武烈,陈季騧,三代以内直系血亲及夫妻
陈武烈,陈嘉庚,密切伙伴
陈武烈,孙中山,密切伙伴
陈武烈,林义顺,普通伙伴
陈武烈,潘春阳,普通伙伴
陈旭年,刘孝钦,密切伙伴
陈旭年,佘有进,普通伙伴
陈旭年,阿武峇卡,密切伙伴
陈旭年,章芳琳,密切伙伴
陈旭年,陈振贤,三代以内直系血亲及夫妻
陈旭年,张乞,密切伙伴
朱惠琳,陈仰安,密切伙伴
陈延谦,叶清沙,轻度社交
陈延谦,陈先进,普通伙伴
陈延谦,邱国瓦,普通伙伴
陈延谦,留鸿石,普通伙伴
陈延谦,陈笃山,三代以内直系血亲及夫妻
陈延谦,陈嘉庚,轻度社交
陈延谦,郑螺生,密切伙伴
陈延谦,林金殿,密切伙伴
陈延谦,蒋骥甫,密切伙伴
陈延谦,胡先愿,密切伙伴
陈延谦,黄庆昌,密切伙伴
陈延谦,黄卓善,密切伙伴
陈延谦,王丙丁,密切伙伴
陈延谦,林惠祥,普通亲戚
陈延谦,林斐,普通亲戚
陈育崧,许云樵,普通伙伴
陈育崧,林惠祥,密切伙伴
陈祯祥,陈振传,三代以内直系血亲及夫妻
戴河水,张乞,普通亲戚
戴板鹗,戴河水,三代以内直系血亲及夫妻
戴河水,章三潮,密切伙伴
戴河水,蔡南,密切伙伴
戴河水,章芳琳,密切伙伴
戴河水,陈金殿,密切伙伴
戴河水,洪金捷,密切伙伴
戴河水,佘怀德,密切伙伴
戴河水,佘德秀,密切伙伴
戴河水,温振周,密切伙伴
戴河水,林顶合,密切伙伴
戴山交,戴河水,三代以内直系血亲及夫妻
戴河水,戴文通,三代以内直系血亲及夫妻
傅无闷,陈允洛,密切伙伴
傅无闷,李厚基,普通伙伴
胡文虎,傅无闷,普通伙伴
傅无闷,吴氏,三代以内直系血亲及夫妻
傅无闷,傅紫曦,三代以内直系血亲及夫妻
傅无闷,傅紫祯,三代以内直系血亲及夫妻
傅无闷,傅紫礼,三代以内直系血亲及夫妻
傅无闷,刘韵仙,三代以内直系血亲及夫妻
傅无闷,傅超人,三代以内直系血亲及夫妻
傅无闷,傅超贤,三代以内直系血亲及夫妻
傅无闷,傅继慈,三代以内直系血亲及夫妻
高德根,陈六使,普通伙伴
高德根,叶平玉,普通伙伴
郭可模,郭可培,三代以内直系血亲及夫妻
郭可模,郭玉英,三代以内直系血亲及夫妻
郭可模,郭成瑞,三代以内直系血亲及夫妻
何葆仁,陈万安,普通伙伴
何葆仁,李光前,普通伙伴
何葆仁,林邦彦,普通伙伴
何葆仁,叶玉堆,普通伙伴
林秉祥,何葆仁,普通伙伴
何葆仁,胡文虎,密切伙伴
何葆仁,林庆年,密切伙伴
何葆仁,黄重吉,密切伙伴
何葆仁,许生理,密切伙伴
林光瑗,洪锦池,普通亲戚
洪俊成,洪锦池,三代以内直系血亲及夫妻
洪锦绰,洪锦池,三代以内直系血亲及夫妻
洪锦池,洪基源,普通亲戚
洪基源,萧长水,轻度社交
洪基源,萧清南,轻度社交
洪基源,萧清发,轻度社交
洪基源,陈笃,轻度社交
洪锦池,洪福寿,三代以内直系血亲及夫妻
洪锦池,林德为,普通亲戚
侯西反,王嘉禄,密切伙伴
侯西反,刘牡丹,普通伙伴
黄奕欢,侯西反,密切伙伴
李亮琪,侯西反,普通伙伴
李振殿,侯西反,普通伙伴
侯西反,周献瑞,普通伙伴
侯西反,孙中山,轻度社交
胡少炎,庄惠泉,普通伙伴
胡少炎,林谋盛,普通伙伴
胡少炎,林庆年,普通伙伴
胡少炎,李金泉,普通伙伴
胡少炎,叶瑞人,普通伙伴
胡少炎,王吉士,普通伙伴
胡少炎,英倚泉,普通伙伴
胡文虎,胡文豹,三代以内直系血亲及夫妻
胡子钦,胡文豹,三代以内直系血亲及夫妻
胡文豹,郑氏（姐）,普通亲戚
胡文豹,郑氏（妹）,三代以内直系血亲及夫妻
胡文豹,杜苏,三代以内直系血亲及夫妻
胡文豹,张凤英,三代以内直系血亲及夫妻
胡文豹,胡清才,三代以内直系血亲及夫妻
胡文豹,胡清湖,三代以内直系血亲及夫妻
胡文豹,李志城,普通亲戚
胡文豹,胡清新,三代以内直系血亲及夫妻
胡文豹,李益森,普通亲戚
胡文豹,胡清德,三代以内直系血亲及夫妻
胡文虎,汤湘霖,普通伙伴
胡文虎,何葆仁,密切伙伴
胡文虎,林庆年,密切伙伴
胡文虎,黄重吉,密切伙伴
胡文虎,许生理,密切伙伴
胡文虎,林霭民,普通伙伴
胡文虎,转道法师／老和尚,普通伙伴
胡文虎,郑雨生,密切伙伴
胡子钦,胡文虎,三代以内直系血亲及夫妻
胡文虎,郑氏（姐）,三代以内直系血亲及夫妻
胡文虎,郑氏（妹）,普通亲戚
胡文虎,胡好,三代以内直系血亲及夫妻
胡文虎,胡资周,普通伙伴
胡文虎,胡清才,普通亲戚
胡文虎,胡蛟,三代以内直系血亲及夫妻
胡文虎,殷碧霞,普通伙伴
胡亚基,邱立南,密切伙伴
胡亚基,佘松城,普通伙伴
胡亚基,康乐公爵,轻度社交
胡亚基,胡亚业,三代以内直系血亲及夫妻
胡亚基,维多利亚女皇,轻度社交
胡亚基,胡颖德,三代以内直系血亲及夫妻
胡亚基,曾全福,普通伙伴
胡亚基,蔡茂春,普通伙伴
黄永祺,黄桂楠,三代以内直系血亲及夫妻
黄桂岩,黄桂楠,三代以内直系血亲及夫妻
黄桂丁,黄桂楠,三代以内直系血亲及夫妻
黄桂楠,黄桂馥,三代以内直系血亲及夫妻
黄曼士,徐悲鸿,密切伙伴
黄乃裳,许雪湫,普通伙伴
黄乃裳,黄端琼,三代以内直系血亲及夫妻
黄乃裳,黄淑琼,三代以内直系血亲及夫妻
黄乃裳,伍连德,普通亲戚
黄乃裳,林文庆,普通亲戚
黄乃裳,邱菽园,普通伙伴
黄乃裳,孙中山,普通伙伴
黄乃裳,张永福,密切伙伴
黄乃裳,萧保魂,普通亲戚
黄乃裳,萧保龄,普通亲戚
黄瑞朝,陈祀恩,密切伙伴
黄金钻,黄瑞朝,三代以内直系血亲及夫妻
赫利特,黄瑞朝,普通伙伴
黄瑞朝,莱佛士,轻度社交
黄瑞朝,阿瑟•杨格,轻度社交
黄海筹,黄树芬,三代以内直系血亲及夫妻
黄树芬,黄树芳,三代以内直系血亲及夫妻
黄树芬,黄树昆,三代以内直系血亲及夫妻
黄树芬,黄寿炽,三代以内直系血亲及夫妻
黄树芬,黄美瑶,三代以内直系血亲及夫妻
黄亚福,陈仙精,普通伙伴
黄亚福,陆佑,普通伙伴
黄亚福,林秉祥,普通伙伴
黄亚福,梁敏修,轻度社交
黄亚福,邱雁宾,轻度社交
黄亚福,黄兆贤,三代以内直系血亲及夫妻
黄亚福,黄兆珪,三代以内直系血亲及夫妻
黄亚福,黄兆琨,三代以内直系血亲及夫妻
黄亚福,黄兆南,三代以内直系血亲及夫妻
黄亚福,黄兆镇,三代以内直系血亲及夫妻
黄亚福,黄秉盛,三代以内直系血亲及夫妻
黄奕欢,刘牡丹,密切伙伴
黄奕欢,陈嘉庚,密切伙伴
黄奕欢,周献瑞,普通伙伴
黄奕欢,黄奕根,三代以内直系血亲及夫妻
孔天增,莱佛士,轻度社交
林文庆,孔天增,密切伙伴
李登辉,孔天增,普通伙伴
袁世凯,孔天增,普通伙伴
李光前,史联对,普通伙伴
庄希泉,李光前,普通伙伴
李光前,伍伯胜,普通伙伴
李光前,林庆年,普通伙伴
李光前,王景成,普通伙伴
李光前,林耀翔,普通伙伴
李光前,薛永黍,普通伙伴
李光前,伍连德,轻度社交
李光前,李约瑟,普通伙伴
李光前,李玉荣,三代以内直系血亲及夫妻
李光前,叶玉堆,密切伙伴
马徽祥,李光前,密切伙伴
李光前,陈维龙,普通伙伴
李光前,吴应隆,普通伙伴
李光前,陈万安,普通伙伴
李光前,林邦彦,普通伙伴
李光前,何葆仁,普通伙伴
李光前,陈六使,普通伙伴
李光前,陈森茂,普通伙伴
李光前,林汉河,普通伙伴
黄勖吾,李光前,轻度社交
李云龙,李光耀,三代以内直系血亲及夫妻
李进坤,李光耀,三代以内直系血亲及夫妻
李进汤,李光耀,普通亲戚
李珠娘,李光耀,普通亲戚
李淑娘,李光耀,普通亲戚
李维娘,李光耀,普通亲戚
李光耀,李金耀,三代以内直系血亲及夫妻
李光耀,李天耀,三代以内直系血亲及夫妻
李光耀,李祥耀,三代以内直系血亲及夫妻
李光耀,李金满,三代以内直系血亲及夫妻
李光耀,李显龙,三代以内直系血亲及夫妻
李光耀,林浪新,轻度社交
李俊承,庄笃明,密切伙伴
李俊承,邱菽园,密切伙伴
李俊承,转道,密切伙伴
李俊承,庄笃明,密切伙伴
李俊承,林惠祥,普通伙伴
李俊承,珊顿•汤姆士,轻度社交
李浚源,许山兴,密切伙伴
李浚源,林义顺,普通亲戚
李浚源,佘连城,密切伙伴
李深端,李浚源,密切伙伴
李浚源,李庆禧,普通亲戚
李清渊,李浚源,三代以内直系血亲及夫妻
李浚源,陈德娘,三代以内直系血亲及夫妻
李浚源,林秉祥,密切伙伴
李浚源,陈长佑,轻度社交
李浚源,胡维德,轻度社交
李浚源,陈先进,普通伙伴
李浚源,林文庆,密切伙伴
李浚源,邱雁宾,密切伙伴
李浚源,曾江水,密切伙伴
李浚源,林维芳,普通伙伴
李浚源,李宝娘,三代以内直系血亲及夫妻
李浚源,李邦赐,三代以内直系血亲及夫妻
李浚源,林忠邦,普通亲戚
黄文德,李浚源,普通亲戚
李浚源,蔡永远,普通亲戚
李浚源,蔡仰泰,普通亲戚
李庆杰,许山治,普通亲戚
许行云,李庆杰,普通亲戚
李庆杰,苏芳泉,普通亲戚
李庆杰,陈敬元,普通亲戚
李庆杰,许山泉,普通亲戚
李庆杰,许山林,普通亲戚
李庆杰,许山河,普通亲戚
李庆杰,许山兴,普通亲戚
李桂林,李庆杰,三代以内直系血亲及夫妻
李庆庸,李庆杰,三代以内直系血亲及夫妻
李庆炎,李庆杰,三代以内直系血亲及夫妻
李庆烈,李庆杰,三代以内直系血亲及夫妻
李庆杰,李石农,三代以内直系血亲及夫妻
李庆杰,李深端,三代以内直系血亲及夫妻
李庆杰,李深学,三代以内直系血亲及夫妻
李庆杰,谢佛珊,普通亲戚
李庆杰,谢孝义,三代以内直系血亲及夫妻
李庆杰,陈丰明,普通亲戚
李桂林,李庆炎,三代以内直系血亲及夫妻
李庆炎,李庆庸,三代以内直系血亲及夫妻
李庆炎,李庆烈,三代以内直系血亲及夫妻
李庆炎,李石农,三代以内直系血亲及夫妻
李清渊,李庆禧,普通亲戚
李清岩,李清渊,三代以内直系血亲及夫妻
李清渊,陈德娘,普通亲戚
李清渊,颜永成,密切伙伴
李清渊,吴寿珍,密切伙伴
李清渊,郑玉瓞,普通伙伴
李清渊,林永庆,普通伙伴
李清渊,陈明远,普通伙伴
李清渊,徐桂梦,普通伙伴
李清渊,蔡永远,普通亲戚
李绍茂,莱佛士,轻度社交
李绍茂,陈玉英,三代以内直系血亲及夫妻
李伟南,李玉波,密切伙伴
李伟南,李合平,密切伙伴
李伟南,杨缵文,密切伙伴
李伟南,林义顺,密切伙伴
李伟南,周镇豪,普通亲戚
黄仲涵,李云龙,普通伙伴
李云龙,莱佛士,轻度社交
李云龙,李进坤,三代以内直系血亲及夫妻
李云龙,李进汤,三代以内直系血亲及夫妻
李云龙,李珠娘,三代以内直系血亲及夫妻
李云龙,李淑娘,三代以内直系血亲及夫妻
李云龙,李维娘,三代以内直系血亲及夫妻
李云龙,李金耀,三代以内直系血亲及夫妻
李云龙,李天耀,三代以内直系血亲及夫妻
李云龙,李祥耀,三代以内直系血亲及夫妻
李云龙,李金满,三代以内直系血亲及夫妻
李云龙,李显龙,普通亲戚
李云龙,陈长乐,密切伙伴
李振殿,李铁民,密切伙伴
李振殿,颜长春,密切伙伴
李振殿,黄奕欢,普通伙伴
李振殿,李亮琪,密切伙伴
左秉隆,李钟珏,普通亲戚
李钟珏,江建霞,普通亲戚
李珠娘,刘溪士,密切伙伴
李进坤,李珠娘,三代以内直系血亲及夫妻
李进汤,李珠娘,三代以内直系血亲及夫妻
李珠娘,李淑娘,三代以内直系血亲及夫妻
李珠娘,李维娘,三代以内直系血亲及夫妻
李珠娘,李金耀,普通亲戚
李珠娘,李天耀,普通亲戚
李珠娘,李祥耀,普通亲戚
李珠娘,李金满,普通亲戚
李珠娘,李显龙,普通亲戚
梁宙,周献瑞,密切伙伴
梁宙,林建达,密切伙伴
威廉•启信,梁宙,普通伙伴
廖正兴,刘隆镇,普通伙伴
廖正兴,佘连城,普通伙伴
廖正兴,陈谦福,普通伙伴
廖正兴,庄庆利,普通伙伴
廖正兴,林文庆,普通伙伴
廖正兴,蔡子庸,密切伙伴
廖正兴,陈云秋,密切伙伴
廖正兴,杨缵文,密切伙伴
廖正兴,陈仙精,普通伙伴
廖正兴,殷雪村,普通伙伴
廖正兴,林树森,普通亲戚
李乾盛,廖正兴,普通伙伴
廖正兴,黄松亭,密切伙伴
廖正兴,林秉祥,密切伙伴
廖正兴,黄庆祥,普通亲戚
廖正兴,陈锡九,普通亲戚
林邦彦,陈万安,普通伙伴
林邦彦,叶玉堆,普通伙伴
林邦彦,何葆仁,普通伙伴
林和坂,林秉懋,三代以内直系血亲及夫妻
林秉祥,林秉懋,三代以内直系血亲及夫妻
林秉懋,黄敏,普通亲戚
林秉懋,林金泽,三代以内直系血亲及夫妻
林秉懋,黄祥达,普通亲戚
林秉祥,陈仙精,普通伙伴
林秉祥,陆佑,普通伙伴
林秉祥,陈先进,普通伙伴
林秉祥,何葆仁,普通伙伴
林和坂,林秉祥,三代以内直系血亲及夫妻
林秉祥,黄敏,普通亲戚
林秉祥,林绍裘,三代以内直系血亲及夫妻
林秉祥,林金泽,普通亲戚
林秉祥,黄祥达,普通亲戚
林衡南,左秉隆,密切伙伴
林惠祥,林汉,三代以内直系血亲及夫妻
林志义,林竹轩,三代以内直系血亲及夫妻
林志义,林谋盛,三代以内直系血亲及夫妻
林志义,殷雪村,普通伙伴
林谋盛,庄惠泉,普通伙伴
林谋盛,林庆年,普通伙伴
林谋盛,李金泉,普通伙伴
林谋盛,叶瑞人,普通伙伴
林谋盛,王吉士,普通伙伴
林谋盛,胡少炎,普通伙伴
林谋盛,英倚泉,普通伙伴
林文庆,王德霖,普通伙伴
林文庆,孔天增,轻度社交
林天尧,林文庆,三代以内直系血亲及夫妻
林文庆,刘隆镇,普通伙伴
林文庆,佘连城,普通伙伴
林文庆,廖正兴,普通伙伴
林文庆,陈谦福,普通伙伴
林文庆,庄庆利,普通伙伴
林文庆,伍连德,普通亲戚
林文庆,宋旺相,普通伙伴
林文庆,黄端琼,三代以内直系血亲及夫妻
林文庆,黄淑琼,普通亲戚
黄乃裳,林文庆,普通亲戚
林文庆,李碧云,普通伙伴
林文庆,陈周锦,普通伙伴
林文庆,陈合隆,普通伙伴
林文庆,陈长佑,轻度社交
林文庆,邱雁宾,密切伙伴
林文庆,曾江水,密切伙伴
林文庆,陈合盛,密切伙伴
林文庆,佘连城,普通伙伴
林文庆,颜永成,普通伙伴
林文庆,邱菽园,密切伙伴
林文庆,陈杞柏,普通伙伴
林文庆,刘金榜,普通伙伴
林文庆,林义顺,普通伙伴
林文庆,陈谦福,密切伙伴
黄端琼,陈德娘,密切伙伴
林文庆,佘正裕,普通伙伴
林文庆,谢庆振,普通伙伴
林文庆,佘柏城,轻度社交
孙中山,林文庆,普通伙伴
肃亲王,林文庆,轻度社交
袁世凯,林文庆,轻度社交
乔治五世,林文庆,轻度社交
林文庆,林有福,轻度社交
林文庆,林可能,三代以内直系血亲及夫妻
林文庆,林国安,三代以内直系血亲及夫妻
林文庆,林秉祥,密切伙伴
林文庆,林癸荣,普通伙伴
林文庆,殷雪村,密切伙伴
林文庆,殷碧霞,三代以内直系血亲及夫妻
林文庆,林月卿,三代以内直系血亲及夫妻
林文庆,林炳汉,三代以内直系血亲及夫妻
林文庆,潘春阳,普通伙伴
林学大,宋旺裕,普通亲戚
林学大,林贤娘,三代以内直系血亲及夫妻
林三古,林学大,三代以内直系血亲及夫妻
朱月娘,林学大,三代以内直系血亲及夫妻
林义顺,刘正兴,密切伙伴
林义顺,阮碧霞,三代以内直系血亲及夫妻
林义顺,杨缵文,密切伙伴
林义顺,陈秋槎,密切伙伴
林义顺,陈梦桃,密切伙伴
林炳源,林义顺,三代以内直系血亲及夫妻
张春莲,林义顺,三代以内直系血亲及夫妻
张礼,林义顺,三代以内直系血亲及夫妻
张永福,林义顺,普通亲戚
林义顺,陈楚楠,密切伙伴
林义顺,张来喜,普通伙伴
孙中山,林义顺,密切伙伴
林义顺,胡汉民,普通伙伴
林义顺,汪精卫,普通伙伴
林义顺,林忠国,三代以内直系血亲及夫妻
林义顺,林忠邦,三代以内直系血亲及夫妻
林义顺,林忠民,三代以内直系血亲及夫妻
林义顺,林忠宪,三代以内直系血亲及夫妻
林义顺,阮氏,三代以内直系血亲及夫妻
林义顺,林积玉,三代以内直系血亲及夫妻
林义顺,林琼玉,三代以内直系血亲及夫妻
林义顺,林素玉,三代以内直系血亲及夫妻
林义顺,林美玉,三代以内直系血亲及夫妻
林义顺,林绿玉,三代以内直系血亲及夫妻
林义顺,林雪玉,三代以内直系血亲及夫妻
林义顺,李宝娘,普通亲戚
林义顺,林英权,三代以内直系血亲及夫妻
林义顺,林英士,三代以内直系血亲及夫妻
林义顺,陈丽好,普通亲戚
林义顺,林雨岩,密切伙伴
林义顺,殷雪村,普通伙伴
林义顺,张永福,普通伙伴
林义顺,孙中山,普通伙伴
林忠邦,李宝娘,三代以内直系血亲及夫妻
林忠邦,林英权,三代以内直系血亲及夫妻
林忠邦,林英士,三代以内直系血亲及夫妻
刘金榜,陈杞柏,普通伙伴
刘金榜,萧贤舞,普通伙伴
刘金榜,佘连城,普通伙伴
刘金榜,蓝梦全,普通伙伴
陆寅杰,梭罗副王,轻度社交
陆寅杰,阿武峇卡,密切伙伴
陆寅杰,孙中山,普通伙伴
陆寅杰,陆运涛,三代以内直系血亲及夫妻
陆寅杰,陈仙精,普通伙伴
邱雁宾,陆寅杰,普通伙伴
王义元,莫履瑞,普通伙伴
欧阳奇,方琴媛,三代以内直系血亲及夫妻
欧阳奇,欧阳壎,三代以内直系血亲及夫妻
宏船,潘醒农,轻度社交
邱菽园,庄笃明,密切伙伴
邱菽园,吴良标,密切伙伴
邱菽园,李俊承,密切伙伴
邱菽园,刘毓霖,密切伙伴
邱菽园,陈合盛,密切伙伴
邱菽园,宋旺相,密切伙伴
邱正忠,邱菽园,三代以内直系血亲及夫妻
邱菽园,邱国珍,普通亲戚
邱菽园,邱国瓦,普通亲戚
邱正潮,邱菽园,普通亲戚
邱菽园,康有为,普通伙伴
邱得松,邱菽园,三代以内直系血亲及夫妻
邱菽园,转道,密切伙伴
邱菽园,李庆庸,密切伙伴
谢龙门,邱菽园,普通伙伴
邱菽园,瑞于,普通伙伴
邱新民,刘瑜,三代以内直系血亲及夫妻
邱正忠,王九河,密切伙伴
邱正忠,邱国珍,普通亲戚
邱正忠,邱国瓦,普通亲戚
邱正忠,邱正潮,三代以内直系血亲及夫妻
邱正忠,邱得松,三代以内直系血亲及夫妻
邱正忠,黄文德,普通伙伴
邱正忠,陈明岩,普通伙伴
邱正忠,许山治,普通伙伴
邱正忠,黄金炎,普通伙伴
邱雁宾,刘隆镇,普通伙伴
邱雁宾,佘连城,普通伙伴
邱雁宾,张善庆,普通伙伴
邱雁宾,李声余,密切伙伴
邱雁宾,余东璇,密切伙伴
邱雁宾,李亮琪,密切伙伴
邱雁宾,曾江水,密切伙伴
邱雁宾,陈谦福,普通伙伴
邱雁宾,陈德才,密切伙伴
邱立南,邱雁宾,三代以内直系血亲及夫妻
邱雁宾,张贵添,普通伙伴
邱雁宾,梁敏修,轻度社交
邵仁枚,邵逸夫,三代以内直系血亲及夫妻
佘连城,王文达,普通伙伴
佘连城,刘长意,普通伙伴
佘连城,刘隆镇,普通伙伴
佘连城,张善庆,普通伙伴
佘连城,张贵添,普通伙伴
佘连城,庄庆利,普通伙伴
佘连城,陈谦福,普通伙伴
佘连城,许山兴,普通伙伴
佘连城,陈祯祥,普通伙伴
佘有进,佘连城,三代以内直系血亲及夫妻
佘石城,佘连城,三代以内直系血亲及夫妻
佘连城,佘松城,三代以内直系血亲及夫妻
佘连城,佘柏城,三代以内直系血亲及夫妻
佘连城,佘应仁,三代以内直系血亲及夫妻
佘连城,佘应佐,三代以内直系血亲及夫妻
佘连城,佘应恭,三代以内直系血亲及夫妻
佘连城,萧贤舞,普通伙伴
佘连城,爱德华七世,轻度社交
佘有进,阮文发,普通伙伴
佘有进,维多利亚女皇,轻度社交
佘有进,佘应佐,三代以内直系血亲及夫妻
佘有进,佘应恭,三代以内直系血亲及夫妻
佘有进,佘松城,三代以内直系血亲及夫妻
佘有进,佘柏城,三代以内直系血亲及夫妻
佘有进,佘石城,三代以内直系血亲及夫妻
佘有进,佘应仁,三代以内直系血亲及夫妻
佘有进,洪俊成,普通伙伴
佘有进,洪捷发,普通伙伴
佘有进,林景烈,普通伙伴
佘有进,曾举荐,普通伙伴
佘有进,章三潮,普通伙伴
佘有进,沈阿溪,普通伙伴
佘有进,徐长怀,普通伙伴
佘有进,杨佛生,普通伙伴
佘有进,黄宗山,普通伙伴
佘有进,曾亚六,普通伙伴
宋佛俭,宋旺相,三代以内直系血亲及夫妻
宋佛俭,杨春娘,三代以内直系血亲及夫妻
宋佛俭,王三龙,普通亲戚
宋佛俭,宋长溪,普通亲戚
宋佛俭,宋顺源,普通亲戚
宋荣宗,宋佛俭,三代以内直系血亲及夫妻
理雅各,宋佛俭,密切伙伴
宋佛俭,基斯柏理,密切伙伴
宋佛俭,陈光为,普通亲戚
宋佛俭,陈文进,普通亲戚
宋佛俭,符愈贵,轻度社交
宋佛俭,冯芳莲,三代以内直系血亲及夫妻
宋佛俭,宋旺裕,三代以内直系血亲及夫妻
宋佛俭,陈文芳,三代以内直系血亲及夫妻
宋佛俭,陈文元,三代以内直系血亲及夫妻
宋佛俭,宋旺武,三代以内直系血亲及夫妻
宋旺相,刘溪士,轻度社交
宋旺相,伍连德,普通伙伴
冯芳莲,宋旺相,三代以内直系血亲及夫妻
宋旺相,爱谨,密切伙伴
宋旺相,许春风,普通伙伴
宋旺相,马绍尔,普通伙伴
宋旺相,许春裕,普通伙伴
宋旺相,张舜琴,普通伙伴
杨本盛,宋旺相,普通亲戚
宋旺相,杨喜娘,三代以内直系血亲及夫妻
麦比士,宋旺相,普通伙伴
宋旺相,宋旺裕,三代以内直系血亲及夫妻
宋旺相,宋旺武,三代以内直系血亲及夫妻
宋旺相,赵恭喜,普通伙伴
宋旺相,宋振荣,普通伙伴
宋旺相,龚振荣,普通亲戚
宋旺相,陈文元,普通亲戚
宋旺相,陈文芳,普通亲戚
宋旺相,陈文进,普通亲戚
宋旺相,陈光为,普通亲戚
宋旺相,陈合盛,密切伙伴
宋旺相,陈合隆,轻度社交
宋旺相,阮添筹,轻度社交
宋旺相,赫利特,轻度社交
宋旺相,陈秋金,轻度社交
宋旺相,佘正裕,普通伙伴
宋旺相,谢庆振,普通伙伴
宋旺相,佘柏城,普通伙伴
林成乾,宋旺相,密切伙伴
宋旺相,林贤娘,普通亲戚
宋旺相,符愈贵,普通伙伴
宋旺裕,邱武艺,密切伙伴
宋旺裕,李庆纪,密切伙伴
宋旺裕,佘正裕,普通伙伴
宋旺裕,萧保龄,普通伙伴
宋旺裕,陈秋金,普通伙伴
宋旺裕,赵恭喜,普通伙伴
宋旺裕,林贤娘,三代以内直系血亲及夫妻
孙崇瑜,何乐如,普通伙伴
王邦杰,陈树南,密切伙伴
王邦杰,郑聘廷,密切伙伴
王邦杰,刘坤意,轻度社交
王邦杰,殷雪村,密切伙伴
王邦杰,薛中华,密切伙伴
王德霖,王锦威,普通亲戚
王九河,王德霖,三代以内直系血亲及夫妻
王德霖,刘隆镇,普通伙伴
王德霖,陈庆云,普通伙伴
王德霖,谢林娘,三代以内直系血亲及夫妻
王德霖,谢佛添,普通亲戚
王德霖,谢佛德,普通亲戚
王竞惠,王鼎昌,三代以内直系血亲及夫妻
王庆云,王九河,三代以内直系血亲及夫妻
王九河,王锦威,普通亲戚
王九河,邱正忠,密切伙伴
王九河,王有海,密切伙伴
王九河,王沧周,密切伙伴
王九河,林永庆,普通伙伴
王九河,谢源英,普通伙伴
王九河,陈明水,普通伙伴
王九河,陈纯道,普通伙伴
王九河,郑玉瓞,普通伙伴
王九河,陈明远,普通伙伴
王九河,陈庆照,普通伙伴
王九河,谢林娘,普通亲戚
王九河,陈桂兰,普通伙伴
王三龙,王平福,三代以内直系血亲及夫妻
王文达,王平福,三代以内直系血亲及夫妻
王平福,邱百禄,普通亲戚
王三龙,杨春娘,普通亲戚
王三龙,邱培丕顺,普通亲戚
王三龙,邱百禄,普通亲戚
王三龙,王文达,三代以内直系血亲及夫妻
王三龙,符愈贵,密切伙伴
王绍经,王先树,三代以内直系血亲及夫妻
王绍经,王先德,三代以内直系血亲及夫妻
王有海,王长顺,三代以内直系血亲及夫妻
王有海,王顺智,三代以内直系血亲及夫妻
王坤殿,王有海,三代以内直系血亲及夫妻
王有海,林英茂,密切伙伴
王有海,王绍善,三代以内直系血亲及夫妻
王有海,王绍贤,三代以内直系血亲及夫妻
伍连德,黄淑琼,三代以内直系血亲及夫妻
黄乃裳,伍连德,普通亲戚
袁世凯,伍连德,普通伙伴
伍连德,伍玉玲,三代以内直系血亲及夫妻
伍连德,李约瑟,普通伙伴
王会仪,吴寿珍,密切伙伴
吴寿珍,吴士基,普通伙伴
吴秀水,吴寿珍,三代以内直系血亲及夫妻
慈禧太后,吴寿珍,普通伙伴
吴寿珍,马徽祥,普通伙伴
吴寿珍,吴应隆,三代以内直系血亲及夫妻
吴寿珍,陈景华,普通伙伴
吴寿珍,载泽,轻度社交
吴寿珍,尚志恒,轻度社交
吴寿珍,林维芳,普通伙伴
林癸荣,吴寿珍,密切伙伴
曾兆南,吴寿珍,密切伙伴
萧保龄,佘正裕,普通伙伴
萧保龄,陈秋金,普通伙伴
萧保龄,赵恭喜,普通伙伴
萧保龄,徐敦青,密切伙伴
萧保龄,朱善锦,密切伙伴
萧保龄,谢佛珊,密切伙伴
萧保龄,龚振荣,密切伙伴
萧保龄,蔡心义,密切伙伴
萧保龄,萧守福,密切伙伴
萧才发,萧保龄,三代以内直系血亲及夫妻
萧保魂,萧保龄,三代以内直系血亲及夫妻
萧保龄,陈六娘,三代以内直系血亲及夫妻
萧保龄,萧守仁,三代以内直系血亲及夫妻
萧保龄,萧月清,三代以内直系血亲及夫妻
萧保龄,陈恩裕,普通亲戚
萧保龄,萧月明,三代以内直系血亲及夫妻
萧保龄,林坤德,普通亲戚
萧保龄,陈宝莉,三代以内直系血亲及夫妻
萧保龄,萧友仁,三代以内直系血亲及夫妻
萧保龄,萧月卿,三代以内直系血亲及夫妻
萧保龄,林国安,普通亲戚
谢安祥,郑玉瓞,密切伙伴
谢安祥,陈金殿,密切伙伴
谢宝荣,谢安祥,三代以内直系血亲及夫妻
谢安祥,薛有礼,普通亲戚
谢安祥,薛荣樾,普通亲戚
谢安祥,薛兆熊,三代以内直系血亲及夫妻
谢荣西,郭枚生,密切伙伴
谢荣西,许济侯,密切伙伴
谢荣西,苏妈英,密切伙伴
谢荣西,何衍品,密切伙伴
谢荣西,黄永祺,密切伙伴
谢荣西,许吉成,密切伙伴
谢荣西,谢龙门,普通伙伴
谢荣西,谢荔圃,普通伙伴
谢荣西,谢启山,普通伙伴
徐长怀,郑荣华,密切伙伴
徐长怀,徐钦三,密切伙伴
徐长怀,徐炎泉,密切伙伴
徐长怀,洪俊成,普通伙伴
徐长怀,洪捷发,普通伙伴
徐长怀,林景烈,普通伙伴
徐长怀,曾举荐,普通伙伴
徐长怀,章三潮,普通伙伴
徐长怀,沈阿溪,普通伙伴
徐长怀,杨佛生,普通伙伴
徐长怀,黄宗山,普通伙伴
许云樵,刘景香,三代以内直系血亲及夫妻
许云樵,姚楠,密切伙伴
许云樵,张礼千,密切伙伴
许云樵,胡博渊,轻度社交
薛佛记,王彩凤,普通亲戚
薛佛记,薛和娘,三代以内直系血亲及夫妻
陈有郎,薛佛记,普通亲戚
薛佛记,薛茂元,三代以内直系血亲及夫妻
薛佛记,陈荫娘,普通亲戚
薛佛记,薛瑞娘,三代以内直系血亲及夫妻
薛佛记,翁如水,普通亲戚
薛佛记,薛文仲,密切伙伴
薛佛记,林生财,普通伙伴
薛佛记,薛荣樾,普通亲戚
薛佛记,薛有文,三代以内直系血亲及夫妻
薛佛记,薛有礼,三代以内直系血亲及夫妻
薛佛记,薛兆熊,普通亲戚
薛中衍,薛佛记,三代以内直系血亲及夫妻
薛佛记,薛明记,三代以内直系血亲及夫妻
薛佛记,薛佛世,三代以内直系血亲及夫妻
薛佛记,薛荣茂,普通亲戚
薛佛记,薛神庇,三代以内直系血亲及夫妻
薛佛记,薛坤元,三代以内直系血亲及夫妻
薛佛记,薛德元,三代以内直系血亲及夫妻
薛荣茂,薛茂元,三代以内直系血亲及夫妻
薛荣樾,薛茂元,三代以内直系血亲及夫妻
薛神庇,薛茂元,三代以内直系血亲及夫妻
薛茂元,薛坤元,三代以内直系血亲及夫妻
薛茂元,薛德元,三代以内直系血亲及夫妻
薛茂元,陈荫娘,三代以内直系血亲及夫妻
陈有郎,陈荫娘,普通亲戚
薛茂元,陈水源,普通亲戚
薛茂元,陈太源,普通亲戚
薛茂元,陈淡娘,普通亲戚
薛茂元,陈曲娘,普通亲戚
薛荣樾,黄宗成,密切伙伴
薛荣樾,林生财,密切伙伴
薛荣樾,薛中华,三代以内直系血亲及夫妻
薛荣樾,薛有文,三代以内直系血亲及夫妻
薛荣樾,薛有礼,三代以内直系血亲及夫妻
薛荣樾,薛兆熊,三代以内直系血亲及夫妻
薛荣茂,薛荣樾,三代以内直系血亲及夫妻
薛荣樾,薛神庇,三代以内直系血亲及夫妻
薛荣樾,薛坤元,三代以内直系血亲及夫妻
薛荣樾,薛德元,三代以内直系血亲及夫妻
薛文仲,林生财,普通伙伴
薛文仲,章芳琳,密切伙伴
薛文仲,曾德璋,密切伙伴
薛文仲,陈德源,密切伙伴
薛文仲,薛长泉,三代以内直系血亲及夫妻
薛文仲,薛天林,三代以内直系血亲及夫妻
薛有礼,薛有文,三代以内直系血亲及夫妻
薛有礼,薛兆熊,三代以内直系血亲及夫妻
颜永成,陈水鲤,轻度社交
颜永成,阮添寿,轻度社交
颜永成,何衍炳,轻度社交
颜永成,林春木,轻度社交
颜永成,洪高兴,轻度社交
颜永成,颜长贵,三代以内直系血亲及夫妻
黄典娴,杨瑞初,普通伙伴
杨瑞初,尤索夫•依萨,轻度社交
杨缵文,陈云秋,密切伙伴
杨缵文,蔡子庸,密切伙伴
叶世眉,叶平玉,三代以内直系血亲及夫妻
叶平玉,曾莲英,三代以内直系血亲及夫妻
叶平玉,高德根,密切伙伴
叶平玉,陈森茂,密切伙伴
殷碧霞,林月卿,三代以内直系血亲及夫妻
殷碧霞,林炳汉,三代以内直系血亲及夫妻
殷碧霞,黄兆珪,轻度社交
殷碧霞,孙中山,轻度社交
殷碧霞,宋庆龄,密切伙伴
殷碧霞,宋美龄,密切伙伴
殷碧霞,乔治六世,轻度社交
殷雪村,陈仙精,普通伙伴
林志义,殷雪村,普通伙伴
殷雪村,孙士鼎,密切伙伴
殷雪村,薛中华,密切伙伴
殷雪村,梅春辅,普通伙伴
余东璇,李声余,密切伙伴
余东璇,邱雁宾,密切伙伴
余东璇,李亮琪,密切伙伴
余刚,余东璇,三代以内直系血亲及夫妻
云英杰,杜惹舌,三代以内直系血亲及夫妻
马丁•戴斯,云英杰,普通伙伴
普特法肯•莱茵纳,云英杰,普通伙伴
曾锦文,刘清泉,轻度社交
曾锦文,曾全福,轻度社交
曾锦文,邱文林,轻度社交
曾锦文,阮添寿,轻度社交
曾锦文,陈谦福,普通伙伴
曾锦文,曾如玉,轻度社交
章芳琳,刘传乐,普通伙伴
章芳琳,刘孝钦,普通伙伴
章芳琳,李庆庸,普通伙伴
章芳琳,佘石城,普通伙伴
章芳琳,张乞,密切伙伴
章芳琳,林癸荣,普通亲戚
章芳琳,章招莲,三代以内直系血亲及夫妻
章芳琳,章壬全,三代以内直系血亲及夫妻
章芳琳,钟志海,三代以内直系血亲及夫妻
章三潮,章芳琳,三代以内直系血亲及夫妻
章芳琳,章芳源,三代以内直系血亲及夫妻
章芳琳,章壬宪,三代以内直系血亲及夫妻
章芳琳,章绸梅,三代以内直系血亲及夫妻
章芳琳,蔡南,密切伙伴
章芳琳,陈金殿,密切伙伴
章芳琳,洪金捷,密切伙伴
章芳琳,戴河水,密切伙伴
章芳琳,薛文仲,密切伙伴
张礼千,姚楠,密切伙伴
张梦生,张世笈,密切伙伴
张梦生,黄小品,密切伙伴
张梦生,陈育民,密切伙伴
张梦生,吴岳朋,密切伙伴
张梦生,邓文光,密切伙伴
张永福,张舜琴,三代以内直系血亲及夫妻
张永福,沈联芳,密切伙伴
张永福,李略俊,密切伙伴
张永福,张来喜,密切伙伴
张礼,张永福,三代以内直系血亲及夫妻
张永福,张峇丹,三代以内直系血亲及夫妻
陈宝娘,张永福,三代以内直系血亲及夫妻
张永福,张春莲,三代以内直系血亲及夫妻
张永福,林炳源,普通亲戚
孙中山,张永福,密切伙伴
张永福,汪精卫,普通伙伴
张永福,张志贤,普通亲戚
张永福,郑螺生,普通伙伴
张永福,郑古悦,普通伙伴
张永福,何思观,普通伙伴
张永福,周献瑞,普通伙伴
张永福,殷雪村,普通伙伴
张永福,留鸿石,普通伙伴
张永福,叶敦仁,普通伙伴
张永福,谢有祥,普通伙伴
张永福,洪福彰,普通伙伴
张永福,梁允祺,密切伙伴
黄乃裳,张永福,密切伙伴
郑古悦,乔治六世,轻度社交
郑古悦,何思观,普通伙伴
郑古悦,薛永黍,轻度社交
周献瑞,侯西反,轻度社交
周献瑞,黄奕欢,轻度社交
周献瑞,刘牡丹,轻度社交
周献瑞,林建达,密切伙伴
周献瑞,雷亮荣,密切伙伴
周献瑞,孙中山,轻度社交
周献瑞,梁宙,密切伙伴
周献瑞,林建达,密切伙伴
周镇豪,陈共存,普通伙伴
庄才勋,庄庆利,三代以内直系血亲及夫妻
庄庆利,邱宗成,密切伙伴
庄庆利,杨福和,密切伙伴
庄庆利,刘隆镇,轻度社交
庄庆利,陈谦福,轻度社交
庄庆利,陈允吉,密切伙伴
庄庆利,梁敏修,普通伙伴
庄庆利,谢庆振,普通伙伴
林明伦,庄竹林,密切伙伴
左秉隆,陈景华,普通伙伴
左秉隆,永清,普通伙伴
曾纪泽,左秉隆,密切伙伴
薛福成,左秉隆,普通伙伴
左秉隆,刘清玉,轻度社交
左秉隆,刘清坤,轻度社交
左秉隆,李钟珏,普通亲戚
左秉隆,陈周锦,轻度社交
左秉隆,何衍茂,轻度社交
左秉隆,邱文林,轻度社交
左秉隆,曾全福,轻度社交
左秉隆,曾锦文,轻度社交
左秉隆,邱文林,轻度社交
左秉隆,曾金福,轻度社交
左秉隆,余坤火,普通伙伴
左秉隆,林衡南,轻度社交
陈永锡,佘连城,普通伙伴
陈永锡,刘长意,普通伙伴
陈永锡,吴庆腾,普通伙伴
陈永锡,刘荣丰,普通伙伴
陈永锡,王柘榴,普通伙伴
陈永锡,陈亚两,普通伙伴
陈永锡,吴寿珍,轻度社交
陈永锡,陈景华,轻度社交
陈永锡,载泽,轻度社交
陈永锡,尚志恒,轻度社交
陈永锡,陈若愚,三代以内直系血亲及夫妻
黄仲涵,周润享,密切伙伴
黄仲涵,甘清泗,密切伙伴
黄志信,黄仲涵,三代以内直系血亲及夫妻
王文达,邱百禄,普通亲戚
林坤扬,宋旺裕,普通亲戚
余玉英,宋旺裕,普通亲戚
佘石城,佘松城,三代以内直系血亲及夫妻
佘松城,佘柏城,三代以内直系血亲及夫妻
佘松城,康乐公爵,轻度社交
陈谦福,刘隆镇,普通伙伴
陈谦福,陈宗祺,三代以内直系血亲及夫妻
陈登榜,陈谦福,三代以内直系血亲及夫妻
陈谦福,梁敏修,普通伙伴
陈谦福,谢庆振,普通伙伴
黄敏,林和坂,普通亲戚
黄敏,黄文德,三代以内直系血亲及夫妻
黄敏,黄祥达,三代以内直系血亲及夫妻
龚光传,黄敏,普通亲戚
黄敏,龚菽惠,普通亲戚
林长华,佘石城,轻度社交
林长华,林德义,轻度社交
林长华,黄阿舍,轻度社交
林长华,阿尔伯特王子,轻度社交
林长华,乔治王子,轻度社交
柯玉芝,李显龙,三代以内直系血亲及夫妻
李光耀,柯玉芝,三代以内直系血亲及夫妻
陈嘉庚,陈丽好,三代以内直系血亲及夫妻
陈丽好,林忠国,三代以内直系血亲及夫妻
丁马成,丁宏海,三代以内直系血亲及夫妻
陈嘉庚,王水斗,普通伙伴
王水斗,周如切,普通伙伴
王水斗,陈仙精,普通伙伴
陈芳岁,孙中山,普通伙伴
陈芳岁,梅端成,密切伙伴
陈芳岁,黄良檀,密切伙伴
